"CU_ID","Year","Value"
"CK-01",1995,NA
"CK-01",1996,NA
"CK-01",1997,NA
"CK-01",1998,NA
"CK-01",1999,NA
"CK-01",2000,NA
"CK-01",2001,NA
"CK-01",2002,NA
"CK-01",2003,NA
"CK-01",2004,NA
"CK-01",2005,NA
"CK-01",2006,NA
"CK-01",2007,NA
"CK-01",2008,NA
"CK-01",2009,11.1119167457077
"CK-01",2010,6.93270938109998
"CK-01",2011,8.6544747526523
"CK-01",2012,8.45069726622771
"CK-01",2013,13.1332358201094
"CK-01",2014,22.8727666534054
"CK-01",2015,30.8143829670097
"CK-01",2016,43.0228696704009
"CK-01",2017,47.2688359959514
"CK-01",2018,31.4373606463772
"CK-01",2019,22.2295708956604
"CK-01",2020,26.1707335204165
"CK-01",2021,28.6255649324776
"CK-01",2022,36.193067934062
"CK-01",2023,34.8248055843251
"CK-03",1995,76954.8522817721
"CK-03",1996,55024.6707400532
"CK-03",1997,48579.939524183
"CK-03",1998,56964.0570388122
"CK-03",1999,78401.3372353907
"CK-03",2000,98297.1717921569
"CK-03",2001,111464.430827609
"CK-03",2002,92237.9809682833
"CK-03",2003,116394.056470425
"CK-03",2004,132522.836330351
"CK-03",2005,123082.222298124
"CK-03",2006,110091.495406788
"CK-03",2007,82479.8010088294
"CK-03",2008,60704.696273179
"CK-03",2009,59213.6905358498
"CK-03",2010,69133.3451176612
"CK-03",2011,77661.4468723986
"CK-03",2012,80598.691908493
"CK-03",2013,71783.0930587654
"CK-03",2014,58333.6678816767
"CK-03",2015,31484.7087118854
"CK-03",2016,31215.763826511
"CK-03",2017,28071.8506075743
"CK-03",2018,28184.2137165089
"CK-03",2019,40441.3860569828
"CK-03",2020,39625.6629729738
"CK-03",2021,42660.4270296815
"CK-03",2022,49493.2047108151
"CK-03",2023,66871.1525650653
"CK-04",1995,NA
"CK-04",1996,NA
"CK-04",1997,NA
"CK-04",1998,NA
"CK-04",1999,NA
"CK-04",2000,NA
"CK-04",2001,NA
"CK-04",2002,NA
"CK-04",2003,NA
"CK-04",2004,NA
"CK-04",2005,NA
"CK-04",2006,NA
"CK-04",2007,NA
"CK-04",2008,NA
"CK-04",2009,NA
"CK-04",2010,NA
"CK-04",2011,NA
"CK-04",2012,666.76470658472
"CK-04",2013,660.96587172361
"CK-04",2014,598.153872405279
"CK-04",2015,480.415425463115
"CK-04",2016,364.934069635466
"CK-04",2017,319.30630045628
"CK-04",2018,292.301054925136
"CK-04",2019,250.769450564331
"CK-04",2020,206.209447866003
"CK-04",2021,183.829043578584
"CK-04",2022,178.340783698966
"CK-04",2023,213.851261050277
"CK-05",1995,NA
"CK-05",1996,NA
"CK-05",1997,NA
"CK-05",1998,NA
"CK-05",1999,NA
"CK-05",2000,NA
"CK-05",2001,NA
"CK-05",2002,NA
"CK-05",2003,NA
"CK-05",2004,NA
"CK-05",2005,NA
"CK-05",2006,NA
"CK-05",2007,NA
"CK-05",2008,NA
"CK-05",2009,153.400368796192
"CK-05",2010,130.88160707952
"CK-05",2011,126.504544847804
"CK-05",2012,126.504544847804
"CK-05",2013,NA
"CK-05",2014,NA
"CK-05",2015,NA
"CK-05",2016,NA
"CK-05",2017,NA
"CK-05",2018,NA
"CK-05",2019,NA
"CK-05",2020,55.4752460380541
"CK-05",2021,62.0811440008112
"CK-05",2022,42.4025431109945
"CK-05",2023,35.2009279899318
"CK-06",1995,NA
"CK-06",1996,NA
"CK-06",1997,NA
"CK-06",1998,NA
"CK-06",1999,NA
"CK-06",2000,NA
"CK-06",2001,NA
"CK-06",2002,NA
"CK-06",2003,NA
"CK-06",2004,NA
"CK-06",2005,NA
"CK-06",2006,NA
"CK-06",2007,NA
"CK-06",2008,NA
"CK-06",2009,NA
"CK-06",2010,NA
"CK-06",2011,NA
"CK-06",2012,NA
"CK-06",2013,NA
"CK-06",2014,NA
"CK-06",2015,NA
"CK-06",2016,NA
"CK-06",2017,NA
"CK-06",2018,NA
"CK-06",2019,49.3844266392718
"CK-06",2020,46.012224732011
"CK-06",2021,48.1122020825091
"CK-06",2022,31.1783856282462
"CK-06",2023,41.3438004328716
"CK-07",1995,NA
"CK-07",1996,NA
"CK-07",1997,NA
"CK-07",1998,NA
"CK-07",1999,131.277141725489
"CK-07",2000,167.652302181903
"CK-07",2001,237.09615950872
"CK-07",2002,367.414025982428
"CK-07",2003,508.945543556206
"CK-07",2004,NA
"CK-07",2005,NA
"CK-07",2006,NA
"CK-07",2007,NA
"CK-07",2008,435.304601757352
"CK-07",2009,506.138098618772
"CK-07",2010,622.876936332522
"CK-07",2011,767.679817656592
"CK-07",2012,652.61743669066
"CK-07",2013,751.247671628281
"CK-07",2014,650.101057773499
"CK-07",2015,618.712262993636
"CK-07",2016,465.390579234431
"CK-07",2017,237.71746909821
"CK-07",2018,17.4297867292522
"CK-07",2019,12.2493670301356
"CK-07",2020,8.64091354509432
"CK-07",2021,7.07998874526123
"CK-07",2022,55.5876694667456
"CK-07",2023,38.4316475951119
"CK-08",1995,NA
"CK-08",1996,NA
"CK-08",1997,NA
"CK-08",1998,NA
"CK-08",1999,NA
"CK-08",2000,NA
"CK-08",2001,NA
"CK-08",2002,NA
"CK-08",2003,NA
"CK-08",2004,79.3780524683307
"CK-08",2005,NA
"CK-08",2006,NA
"CK-08",2007,NA
"CK-08",2008,NA
"CK-08",2009,NA
"CK-08",2010,NA
"CK-08",2011,NA
"CK-08",2012,NA
"CK-08",2013,15.2564248868461
"CK-08",2014,9.94418030104783
"CK-08",2015,12.3877730701304
"CK-08",2016,13.5146402076861
"CK-08",2017,8.88873204307607
"CK-08",2018,7.0928792742275
"CK-08",2019,14.8331902217743
"CK-08",2020,24.3139761216292
"CK-08",2021,27.2389556463144
"CK-08",2022,43.7998018099793
"CK-08",2023,69.16372246676
"CK-09",1995,NA
"CK-09",1996,NA
"CK-09",1997,NA
"CK-09",1998,NA
"CK-09",1999,NA
"CK-09",2000,NA
"CK-09",2001,NA
"CK-09",2002,NA
"CK-09",2003,NA
"CK-09",2004,152.252823903816
"CK-09",2005,171.328419512528
"CK-09",2006,170.911894924429
"CK-09",2007,110.819024349024
"CK-09",2008,118.079594127373
"CK-09",2009,110.73914378015
"CK-09",2010,119.802688748998
"CK-09",2011,91.8789491860723
"CK-09",2012,86.1672691160346
"CK-09",2013,59.476604357236
"CK-09",2014,59.9512119256537
"CK-09",2015,55.4156667646972
"CK-09",2016,39.5262980319657
"CK-09",2017,34.9503714100967
"CK-09",2018,35.1535849428856
"CK-09",2019,43.6775676543172
"CK-09",2020,37.9314633826954
"CK-09",2021,44.2749437741431
"CK-09",2022,56.8815768463052
"CK-09",2023,82.231170672987
"CK-10",1995,NA
"CK-10",1996,NA
"CK-10",1997,NA
"CK-10",1998,NA
"CK-10",1999,9653.55807879075
"CK-10",2000,8108.13085319381
"CK-10",2001,6976.90383305481
"CK-10",2002,6427.62213940915
"CK-10",2003,7245.73338309643
"CK-10",2004,6822.17609942346
"CK-10",2005,6294.79317952822
"CK-10",2006,5887.11939227705
"CK-10",2007,4354.36638332539
"CK-10",2008,3553.42288106008
"CK-10",2009,3190.75085673933
"CK-10",2010,3249.758010763
"CK-10",2011,3007.95203437521
"CK-10",2012,3320.87971053362
"CK-10",2013,3256.14701668033
"CK-10",2014,4467.35222748343
"CK-10",2015,4828.66331787738
"CK-10",2016,4697.21990515908
"CK-10",2017,4178.75318072966
"CK-10",2018,3814.22327433052
"CK-10",2019,2216.40894153456
"CK-10",2020,2026.42766704587
"CK-10",2021,2281.66793447909
"CK-10",2022,3016.32086946188
"CK-10",2023,3270.00479992167
"CK-11",1995,NA
"CK-11",1996,NA
"CK-11",1997,NA
"CK-11",1998,NA
"CK-11",1999,NA
"CK-11",2000,NA
"CK-11",2001,NA
"CK-11",2002,NA
"CK-11",2003,19490.6792259634
"CK-11",2004,22128.2162037263
"CK-11",2005,21906.0950672955
"CK-11",2006,20276.8069617679
"CK-11",2007,17001.015536722
"CK-11",2008,13980.8531354829
"CK-11",2009,12521.8971950049
"CK-11",2010,12964.9022069766
"CK-11",2011,13002.7257400244
"CK-11",2012,12388.8576235953
"CK-11",2013,10871.8511023675
"CK-11",2014,11634.2912036175
"CK-11",2015,12205.5559616688
"CK-11",2016,10814.0166177968
"CK-11",2017,10357.2761620633
"CK-11",2018,9917.94568274077
"CK-11",2019,7298.63713894982
"CK-11",2020,6276.22659878314
"CK-11",2021,6455.02211493415
"CK-11",2022,8583.27930084756
"CK-11",2023,10355.5449085437
"CK-12",1995,NA
"CK-12",1996,NA
"CK-12",1997,NA
"CK-12",1998,NA
"CK-12",1999,20626.7135630414
"CK-12",2000,17832.4807440994
"CK-12",2001,17768.3410224059
"CK-12",2002,18924.9488097847
"CK-12",2003,20917.5020238206
"CK-12",2004,24691.3039926951
"CK-12",2005,24683.6186707056
"CK-12",2006,23362.6099703172
"CK-12",2007,17883.5352205615
"CK-12",2008,14688.7751213721
"CK-12",2009,13880.6594561228
"CK-12",2010,12701.8630631987
"CK-12",2011,11033.417652263
"CK-12",2012,10862.642969431
"CK-12",2013,10705.0531559515
"CK-12",2014,10562.5991311747
"CK-12",2015,11743.7311246606
"CK-12",2016,12931.5593552697
"CK-12",2017,12559.9924366171
"CK-12",2018,11203.3039626889
"CK-12",2019,6725.93511231854
"CK-12",2020,6373.41086539058
"CK-12",2021,6482.31046071193
"CK-12",2022,7965.86351049132
"CK-12",2023,8861.23149863687
"CK-13",1995,7002.93874127631
"CK-13",1996,9079.05606177888
"CK-13",1997,13216.0400322734
"CK-13",1998,26312.4252952914
"CK-13",1999,32593.0094326948
"CK-13",2000,27107.9058045675
"CK-13",2001,28083.4694965657
"CK-13",2002,26627.9398906405
"CK-13",2003,33287.4181847959
"CK-13",2004,41763.21546164
"CK-13",2005,49330.5079004863
"CK-13",2006,60885.8058228694
"CK-13",2007,65166.314444713
"CK-13",2008,76787.6902656687
"CK-13",2009,72298.127830929
"CK-13",2010,66186.3861600454
"CK-13",2011,77534.3573416328
"CK-13",2012,68105.7959788649
"CK-13",2013,75246.3120425715
"CK-13",2014,62209.5569333527
"CK-13",2015,66113.4134212012
"CK-13",2016,78677.1307442789
"CK-13",2017,74457.6181936186
"CK-13",2018,68636.2351005209
"CK-13",2019,69013.1001586787
"CK-13",2020,91770.7389851367
"CK-13",2021,109877.859159099
"CK-13",2022,141524.330777173
"CK-13",2023,200125.388228533
"CK-14",1995,NA
"CK-14",1996,NA
"CK-14",1997,NA
"CK-14",1998,NA
"CK-14",1999,NA
"CK-14",2000,NA
"CK-14",2001,NA
"CK-14",2002,NA
"CK-14",2003,1495.3962914594
"CK-14",2004,1319.83729321539
"CK-14",2005,1100.89245527234
"CK-14",2006,917.716269662207
"CK-14",2007,701.882094301897
"CK-14",2008,586.652508163687
"CK-14",2009,537.19579420495
"CK-14",2010,696.175930047816
"CK-14",2011,661.518541258612
"CK-14",2012,675.06854061191
"CK-14",2013,716.937051677658
"CK-14",2014,771.954089615554
"CK-14",2015,675.635078733926
"CK-14",2016,613.421333156965
"CK-14",2017,712.263111280605
"CK-14",2018,684.342655033321
"CK-14",2019,677.114954110878
"CK-14",2020,646.953244284511
"CK-14",2021,1017.76299445784
"CK-14",2022,964.59619000792
"CK-14",2023,1011.29535057536
"CK-15",1995,20167.7884749811
"CK-15",1996,22551.1672708984
"CK-15",1997,23547.535016237
"CK-15",1998,23210.4201731179
"CK-15",1999,30177.9878184727
"CK-15",2000,28150.0595137607
"CK-15",2001,31663.3116886825
"CK-15",2002,34914.5753946263
"CK-15",2003,32948.5988026451
"CK-15",2004,29319.0287396404
"CK-15",2005,25450.8498495731
"CK-15",2006,26477.1978792559
"CK-15",2007,22050.7068167916
"CK-15",2008,21438.8256525484
"CK-15",2009,23175.9529868247
"CK-15",2010,24420.9182704658
"CK-15",2011,25100.1345011719
"CK-15",2012,17475.1629746316
"CK-15",2013,17374.1953506346
"CK-15",2014,15227.0496960791
"CK-15",2015,18480.0275902548
"CK-15",2016,21562.2767394068
"CK-15",2017,18477.305838672
"CK-15",2018,14429.5221770447
"CK-15",2019,13087.5280665901
"CK-15",2020,18072.2697201844
"CK-15",2021,22313.0942434021
"CK-15",2022,26703.9804021744
"CK-15",2023,34878.8050252929
"CK-16",1995,NA
"CK-16",1996,NA
"CK-16",1997,NA
"CK-16",1998,114.637458879895
"CK-16",1999,138.559576944913
"CK-16",2000,113.904256420481
"CK-16",2001,144.99812755942
"CK-16",2002,233.518962603749
"CK-16",2003,215.877010532923
"CK-16",2004,251.007921086074
"CK-16",2005,198.633448117269
"CK-16",2006,199.772347513258
"CK-16",2007,16.6549290389025
"CK-16",2008,13.7380182320013
"CK-16",2009,8.62770863051873
"CK-16",2010,8.12362806857866
"CK-16",2011,43.203857825429
"CK-16",2012,28.2118688249982
"CK-16",2013,45.8301206840219
"CK-16",2014,38.0523047972635
"CK-16",2015,78.3788871713425
"CK-16",2016,64.5376813403213
"CK-16",2017,35.0684794772696
"CK-16",2018,16.0403191689608
"CK-16",2019,1.46427410640372
"CK-16",2020,1.01430349156035
"CK-16",2021,0.157963115283319
"CK-16",2022,0.246704354016916
"CK-16",2023,1.25929266219368
"CK-17",1995,11599.7050215088
"CK-17",1996,15009.6557687234
"CK-17",1997,17652.9167792651
"CK-17",1998,11992.2158980331
"CK-17",1999,10682.0913791623
"CK-17",2000,8840.02404810774
"CK-17",2001,7965.68480430786
"CK-17",2002,11642.6466857004
"CK-17",2003,15927.1816733101
"CK-17",2004,17584.1537410601
"CK-17",2005,15353.8664825105
"CK-17",2006,12523.4841138717
"CK-17",2007,7086.63604941868
"CK-17",2008,6256.58525769304
"CK-17",2009,4399.14770874879
"CK-17",2010,4154.36294925757
"CK-17",2011,4896.31445696085
"CK-17",2012,4730.124417558
"CK-17",2013,6005.09470382336
"CK-17",2014,8042.271081156
"CK-17",2015,9656.05955089967
"CK-17",2016,9217.41790805911
"CK-17",2017,8853.79408422585
"CK-17",2018,3928.8681215172
"CK-17",2019,3074.58879167474
"CK-17",2020,2983.53384807298
"CK-17",2021,2814.72803524285
"CK-17",2022,4544.21481309194
"CK-17",2023,5840.53605230708
"CK-18",1995,NA
"CK-18",1996,NA
"CK-18",1997,NA
"CK-18",1998,NA
"CK-18",1999,NA
"CK-18",2000,NA
"CK-18",2001,NA
"CK-18",2002,NA
"CK-18",2003,835.306792880556
"CK-18",2004,878.911354197284
"CK-18",2005,636.703597724775
"CK-18",2006,512.786993609761
"CK-18",2007,355.933058432611
"CK-18",2008,325.1691961208
"CK-18",2009,240.903840375308
"CK-18",2010,220.5424781295
"CK-18",2011,209.745965325882
"CK-18",2012,219.825712833407
"CK-18",2013,202.788126809899
"CK-18",2014,199.524415986452
"CK-18",2015,172.084105745904
"CK-18",2016,152.437729800148
"CK-18",2017,131.038472991652
"CK-18",2018,108.189562776303
"CK-18",2019,134.648297994618
"CK-18",2020,181.292059065547
"CK-18",2021,199.530915823164
"CK-18",2022,263.42555497613
"CK-18",2023,393.552891201863
"CK-19",1995,NA
"CK-19",1996,NA
"CK-19",1997,NA
"CK-19",1998,NA
"CK-19",1999,NA
"CK-19",2000,NA
"CK-19",2001,6354.08306043548
"CK-19",2002,5898.39741438646
"CK-19",2003,5933.01096956173
"CK-19",2004,6095.59211680827
"CK-19",2005,5699.12380871519
"CK-19",2006,5678.86726591453
"CK-19",2007,4490.29861797568
"CK-19",2008,3930.98623248531
"CK-19",2009,3964.01175899211
"CK-19",2010,3185.5686150247
"CK-19",2011,2538.06568996342
"CK-19",2012,2607.06983552555
"CK-19",2013,2379.85450567476
"CK-19",2014,2071.52641191417
"CK-19",2015,2731.34529252979
"CK-19",2016,2440.39921637829
"CK-19",2017,2204.78652813345
"CK-19",2018,1699.1949963463
"CK-19",2019,1348.85496427711
"CK-19",2020,1261.78377098357
"CK-19",2021,1735.78006364377
"CK-19",2022,2310.81472415666
"CK-19",2023,3391.97338492836
"CM-02",1995,NA
"CM-02",1996,NA
"CM-02",1997,NA
"CM-02",1998,NA
"CM-02",1999,NA
"CM-02",2000,NA
"CM-02",2001,NA
"CM-02",2002,NA
"CM-02",2003,NA
"CM-02",2004,NA
"CM-02",2005,1591272.44819364
"CM-02",2006,1531859.1745601
"CM-02",2007,1397193.71232678
"CM-02",2008,1083913.99185427
"CM-02",2009,835979.365871752
"CM-02",2010,620107.626885949
"CM-02",2011,616772.732859545
"CM-02",2012,678980.134786537
"CM-02",2013,819508.33302912
"CM-02",2014,967577.534235596
"CM-02",2015,939043.230325393
"CM-02",2016,1024480.50209249
"CM-02",2017,940721.844530156
"CM-02",2018,841146.919341077
"CM-02",2019,639262.924277177
"CM-02",2020,471046.252561571
"CM-02",2021,449957.730377029
"CM-02",2022,502648.967697493
"CM-02",2023,601015.215034601
"CO-48",1995,NA
"CO-48",1996,NA
"CO-48",1997,NA
"CO-48",1998,NA
"CO-48",1999,NA
"CO-48",2000,3110.58934265413
"CO-48",2001,3321.22286398679
"CO-48",2002,4509.46097067664
"CO-48",2003,4484.86980917762
"CO-48",2004,4178.89318084991
"CO-48",2005,3411.04850927995
"CO-48",2006,2384.38658796537
"CO-48",2007,3049.52169018256
"CO-48",2008,2666.83920936342
"CO-48",2009,3227.43497125302
"CO-48",2010,2510.8852808621
"CO-48",2011,3486.65144838857
"CO-48",2012,5078.75995007693
"CO-48",2013,6871.99987712562
"CO-48",2014,6447.1635464776
"CO-48",2015,3706.28935592018
"CO-48",2016,3904.77797989366
"CO-48",2017,4037.34216846112
"CO-48",2018,5564.00153049852
"CO-48",2019,3382.51340381776
"CO-48",2020,4239.75043861626
"CO-48",2021,6286.83949255997
"CO-48",2022,10815.697555278
"CO-48",2023,13902.7024669729
"CO-05",1995,NA
"CO-05",1996,NA
"CO-05",1997,NA
"CO-05",1998,NA
"CO-05",1999,NA
"CO-05",2000,3932.36600273017
"CO-05",2001,4051.40266009567
"CO-05",2002,3957.2438507379
"CO-05",2003,4698.83824407914
"CO-05",2004,4672.72425556552
"CO-05",2005,3928.9297660922
"CO-05",2006,2775.65313804033
"CO-05",2007,2152.61909444777
"CO-05",2008,1710.29008108492
"CO-05",2009,1930.44174126197
"CO-05",2010,1801.77031674243
"CO-05",2011,2540.21326892579
"CO-05",2012,3315.96700257407
"CO-05",2013,4454.31665883533
"CO-05",2014,3073.85475446657
"CO-05",2015,1258.09163701176
"CO-05",2016,753.56487170277
"CO-05",2017,877.891923745936
"CO-05",2018,2114.12562671855
"CO-05",2019,2983.13504685334
"CO-05",2020,4398.36073377147
"CO-05",2021,3449.7830355191
"CO-05",2022,4324.56077404444
"CO-05",2023,4450.84795691331
"CO-07",1995,NA
"CO-07",1996,NA
"CO-07",1997,NA
"CO-07",1998,NA
"CO-07",1999,NA
"CO-07",2000,1179.6361973381
"CO-07",2001,2557.81085638656
"CO-07",2002,3946.82568366217
"CO-07",2003,3624.69030727262
"CO-07",2004,2986.47040844298
"CO-07",2005,2051.88705874973
"CO-07",2006,1747.1906161443
"CO-07",2007,2628.41135148187
"CO-07",2008,3194.30657877991
"CO-07",2009,4907.54340936128
"CO-07",2010,5277.06332585196
"CO-07",2011,6513.50025310631
"CO-07",2012,9113.92744963265
"CO-07",2013,9154.79398515279
"CO-07",2014,9177.13907365194
"CO-07",2015,6948.81750045366
"CO-07",2016,8050.78169897038
"CO-07",2017,6608.85810845155
"CO-07",2018,7442.67221234677
"CO-07",2019,6341.2082893794
"CO-07",2020,10269.2682324469
"CO-07",2021,14099.1154743353
"CO-07",2022,16203.4029297668
"CO-07",2023,13948.9874864456
"CO-09",1995,NA
"CO-09",1996,NA
"CO-09",1997,NA
"CO-09",1998,NA
"CO-09",1999,NA
"CO-09",2000,8595.55293571895
"CO-09",2001,12012.3921862936
"CO-09",2002,14799.234033027
"CO-09",2003,14927.9491224366
"CO-09",2004,11009.374417658
"CO-09",2005,6679.54249558904
"CO-09",2006,5470.99950074343
"CO-09",2007,7295.34358754793
"CO-09",2008,6867.06151542707
"CO-09",2009,9340.00383389956
"CO-09",2010,7324.05875708491
"CO-09",2011,9650.54995345535
"CO-09",2012,12384.2194099214
"CO-09",2013,13723.2435953578
"CO-09",2014,11707.5996202296
"CO-09",2015,6355.10160696406
"CO-09",2016,6477.24672245105
"CO-09",2017,8511.45668818356
"CO-09",2018,13046.5244341163
"CO-09",2019,12603.1333477824
"CO-09",2020,16388.8270053204
"CO-09",2021,22248.8729929717
"CO-09",2022,23775.6313531949
"CO-09",2023,23387.9294361989
"CO-08",1995,NA
"CO-08",1996,NA
"CO-08",1997,NA
"CO-08",1998,NA
"CO-08",1999,NA
"CO-08",2000,3713.50759178414
"CO-08",2001,4873.75407342978
"CO-08",2002,6963.75215167765
"CO-08",2003,6914.13265351135
"CO-08",2004,7582.91623022658
"CO-08",2005,4552.25754987466
"CO-08",2006,3899.45067871237
"CO-08",2007,3566.18066377972
"CO-08",2008,5281.0760022037
"CO-08",2009,6454.30815784872
"CO-08",2010,5775.46715795131
"CO-08",2011,4838.55690604598
"CO-08",2012,7335.1265776179
"CO-08",2013,8245.56601818108
"CO-08",2014,6713.77015108057
"CO-08",2015,3560.97972666825
"CO-08",2016,3712.54903464806
"CO-08",2017,3869.24161366163
"CO-08",2018,5528.31109853643
"CO-08",2019,4526.97857235197
"CO-08",2020,7202.69759987265
"CO-08",2021,9751.72687173468
"CO-08",2022,9830.41553611078
"CO-08",2023,9885.96182077125
"CO-47",1995,NA
"CO-47",1996,NA
"CO-47",1997,NA
"CO-47",1998,NA
"CO-47",1999,NA
"CO-47",2000,NA
"CO-47",2001,NA
"CO-47",2002,NA
"CO-47",2003,NA
"CO-47",2004,NA
"CO-47",2005,NA
"CO-47",2006,NA
"CO-47",2007,NA
"CO-47",2008,NA
"CO-47",2009,NA
"CO-47",2010,NA
"CO-47",2011,NA
"CO-47",2012,NA
"CO-47",2013,NA
"CO-47",2014,NA
"CO-47",2015,NA
"CO-47",2016,NA
"CO-47",2017,NA
"CO-47",2018,NA
"CO-47",2019,NA
"CO-47",2020,NA
"CO-47",2021,NA
"CO-47",2022,NA
"CO-47",2023,NA
"CO-04",1995,NA
"CO-04",1996,NA
"CO-04",1997,NA
"CO-04",1998,NA
"CO-04",1999,NA
"CO-04",2000,NA
"CO-04",2001,NA
"CO-04",2002,NA
"CO-04",2003,NA
"CO-04",2004,NA
"CO-04",2005,NA
"CO-04",2006,NA
"CO-04",2007,NA
"CO-04",2008,NA
"CO-04",2009,NA
"CO-04",2010,NA
"CO-04",2011,NA
"CO-04",2012,NA
"CO-04",2013,NA
"CO-04",2014,NA
"CO-04",2015,NA
"CO-04",2016,NA
"CO-04",2017,NA
"CO-04",2018,NA
"CO-04",2019,NA
"CO-04",2020,NA
"CO-04",2021,NA
"CO-04",2022,NA
"CO-04",2023,NA
"PKO-01",1995,7174584.00000001
"PKO-01",1997,2842108
"PKO-01",1999,3444982
"PKO-01",2001,19813620
"PKO-01",2003,22181030
"PKO-01",2005,8809624
"PKO-01",2007,7650051.99999999
"PKO-01",2009,15428836
"PKO-01",2011,12784507.74
"PKO-01",2013,9344490.07800001
"PKO-01",2015,5315845
"PKO-01",2017,3392159
"PKO-01",2019,8307419.479
"PKO-01",2021,7827444.56800001
"PKO-01",2023,9575759.99999999
"SEL-07-01",1995,4373.48009874312
"SEL-07-01",1996,5841.31751507642
"SEL-07-01",1997,8269.22695325682
"SEL-07-01",1998,8439.03215195701
"SEL-07-01",1999,6240.04006780855
"SEL-07-01",2000,6942.25744538754
"SEL-07-01",2001,7201.05913673889
"SEL-07-01",2002,8311.65178675943
"SEL-07-01",2003,7702.83560524898
"SEL-07-01",2004,4009.29036766521
"SEL-07-01",2005,3001.86633549093
"SEL-07-01",2006,1927.0922289153
"SEL-07-01",2007,1483.19804933128
"SEL-07-01",2008,1421.7359616771
"SEL-07-01",2009,1412.86008084696
"SEL-07-01",2010,2184.79769142453
"SEL-07-01",2011,2555.45839298013
"SEL-07-01",2012,1343.03752054602
"SEL-07-01",2013,1579.17981461111
"SEL-07-01",2014,1716.02704101389
"SEL-07-01",2015,1655.61213175876
"SEL-07-01",2016,2065.75877649436
"SEL-07-01",2017,1083.40763793375
"SEL-07-01",2018,1000.39273414402
"SEL-07-01",2019,275.880235064546
"SEL-07-01",2020,343.57866560535
"SEL-07-01",2021,646.832503531879
"SEL-07-01",2022,506.78867208349
"SEL-07-01",2023,1695.90407194497
"SEL-06-11",1995,7697.94665187166
"SEL-06-11",1996,7879.21531236501
"SEL-06-11",1997,6436.4531304223
"SEL-06-11",1998,8115.90966250355
"SEL-06-11",1999,7049.89734026339
"SEL-06-11",2000,5601.45198127231
"SEL-06-11",2001,4224.01917081837
"SEL-06-11",2002,3796.53489996227
"SEL-06-11",2003,3931.9232894951
"SEL-06-11",2004,4015.66053846388
"SEL-06-11",2005,5753.58705445999
"SEL-06-11",2006,6011.40482993436
"SEL-06-11",2007,4642.8097277266
"SEL-06-11",2008,2333.175663437
"SEL-06-11",2009,1397.73322399275
"SEL-06-11",2010,1790.53850308321
"SEL-06-11",2011,1518.7792356057
"SEL-06-11",2012,1128.28409029908
"SEL-06-11",2013,1643.46680476815
"SEL-06-11",2014,1347.72700751431
"SEL-06-11",2015,599.422027593972
"SEL-06-11",2016,678.334116716389
"SEL-06-11",2017,421.124604999067
"SEL-06-11",2018,476.784026725488
"SEL-06-11",2019,940.009915823947
"SEL-06-11",2020,785.586423872608
"SEL-06-11",2021,1013.85007741005
"SEL-06-11",2022,858.097856147303
"SEL-06-11",2023,1367.99997689834
"SEL-03-04",1995,49099.8582854971
"SEL-03-04",1996,47166.1023165388
"SEL-03-04",1997,33883.3393108479
"SEL-03-04",1998,32330.8292856285
"SEL-03-04",1999,32994.0698629902
"SEL-03-04",2000,18957.5212655932
"SEL-03-04",2001,16858.0768306666
"SEL-03-04",2002,18388.7640112543
"SEL-03-04",2003,21568.0720576237
"SEL-03-04",2004,31956.4942012046
"SEL-03-04",2005,42831.1068568369
"SEL-03-04",2006,32261.758556695
"SEL-03-04",2007,29495.6041225757
"SEL-03-04",2008,13777.6971667196
"SEL-03-04",2009,12206.4983586831
"SEL-03-04",2010,14361.6049962715
"SEL-03-04",2011,16374.679800788
"SEL-03-04",2012,14527.354256879
"SEL-03-04",2013,15017.452153582
"SEL-03-04",2014,12323.6428763516
"SEL-03-04",2015,5428.38145003363
"SEL-03-04",2016,4061.59976337406
"SEL-03-04",2017,4031.72247186863
"SEL-03-04",2018,3691.3658733946
"SEL-03-04",2019,3604.05032253513
"SEL-03-04",2020,2635.16987787225
"SEL-03-04",2021,3312.34067010685
"SEL-03-04",2022,4470.88162024178
"SEL-03-04",2023,9377.60097342793
"SEL-04-01",1995,89628.0027364164
"SEL-04-01",1996,65212.9112895557
"SEL-04-01",1997,43321.4919859545
"SEL-04-01",1998,70974.941798955
"SEL-04-01",1999,75725.0538637853
"SEL-04-01",2000,53582.3980953402
"SEL-04-01",2001,52370.0212516982
"SEL-04-01",2002,51932.4052491237
"SEL-04-01",2003,82772.899721721
"SEL-04-01",2004,107905.627034011
"SEL-04-01",2005,113623.939923124
"SEL-04-01",2006,112641.635589315
"SEL-04-01",2007,82707.9842244327
"SEL-04-01",2008,63460.5907982253
"SEL-04-01",2009,63619.7834041711
"SEL-04-01",2010,52906.9199229387
"SEL-04-01",2011,62112.455909093
"SEL-04-01",2012,51614.4377514323
"SEL-04-01",2013,56466.5410402053
"SEL-04-01",2014,40484.6232745163
"SEL-04-01",2015,28901.7908401607
"SEL-04-01",2016,42020.7401160071
"SEL-04-01",2017,29062.1558477295
"SEL-04-01",2018,23330.8743980051
"SEL-04-01",2019,11898.0741810402
"SEL-04-01",2020,7013.62147636081
"SEL-04-01",2021,8861.24933390774
"SEL-04-01",2022,15140.8882387836
"SEL-04-01",2023,33497.877313386
"SEL-03-03",1995,1330.66416122568
"SEL-03-03",1996,1337.15450157858
"SEL-03-03",1997,1436.94283676158
"SEL-03-03",1998,2486.41955687252
"SEL-03-03",1999,2110.15277624955
"SEL-03-03",2000,2638.31765008292
"SEL-03-03",2001,4249.01193972373
"SEL-03-03",2002,6402.77217982717
"SEL-03-03",2003,12758.9837023054
"SEL-03-03",2004,15959.8885070549
"SEL-03-03",2005,12861.77048311
"SEL-03-03",2006,11878.5362678001
"SEL-03-03",2007,9433.64840387266
"SEL-03-03",2008,4980.58458003849
"SEL-03-03",2009,5376.88583001184
"SEL-03-03",2010,4440.76617942502
"SEL-03-03",2011,4777.13333220006
"SEL-03-03",2012,4868.10908223752
"SEL-03-03",2013,4824.81562427326
"SEL-03-03",2014,4040.5686393449
"SEL-03-03",2015,4167.53363074744
"SEL-03-03",2016,4783.80874235941
"SEL-03-03",2017,4716.58029774244
"SEL-03-03",2018,3133.13531712688
"SEL-03-03",2019,928.472646401325
"SEL-03-03",2020,441.159458185792
"SEL-03-03",2021,331.672353418338
"SEL-03-03",2022,351.132673383496
"SEL-03-03",2023,743.666532388635
"SEL-05-02",1995,3149.40332985269
"SEL-05-02",1996,4219.3317902033
"SEL-05-02",1997,6132.83893896401
"SEL-05-02",1998,6126.37908540474
"SEL-05-02",1999,6470.73145821731
"SEL-05-02",2000,5045.73833282618
"SEL-05-02",2001,4342.89533669633
"SEL-05-02",2002,4568.84065054281
"SEL-05-02",2003,4810.28574590237
"SEL-05-02",2004,3257.51191360371
"SEL-05-02",2005,2595.90533718677
"SEL-05-02",2006,1754.24706916983
"SEL-05-02",2007,1852.5554598017
"SEL-05-02",2008,1383.75532925162
"SEL-05-02",2009,1254.27721552678
"SEL-05-02",2010,1674.00566728822
"SEL-05-02",2011,1884.75603542079
"SEL-05-02",2012,2897.97876342019
"SEL-05-02",2013,3037.13097340255
"SEL-05-02",2014,2832.19501198573
"SEL-05-02",2015,2321.86715274143
"SEL-05-02",2016,2251.77293367206
"SEL-05-02",2017,2304.27721265899
"SEL-05-02",2018,2026.02866560932
"SEL-05-02",2019,1660.01241645569
"SEL-05-02",2020,1771.90540939195
"SEL-05-02",2021,2383.00318281266
"SEL-05-02",2022,2939.87371521715
"SEL-05-02",2023,4352.08411108634
"SEL-06-16",1995,NA
"SEL-06-16",1996,NA
"SEL-06-16",1997,671.044127550769
"SEL-06-16",1998,724.40584316793
"SEL-06-16",1999,635.382510844133
"SEL-06-16",2000,761.87715230662
"SEL-06-16",2001,1046.18836764805
"SEL-06-16",2002,1435.56849685137
"SEL-06-16",2003,1103.34682828323
"SEL-06-16",2004,630.549567023286
"SEL-06-16",2005,535.451411468377
"SEL-06-16",2006,606.509591049883
"SEL-06-16",2007,536.698960442587
"SEL-06-16",2008,330.775418923666
"SEL-06-16",2009,174.19969491252
"SEL-06-16",2010,130.4510901593
"SEL-06-16",2011,181.589981067998
"SEL-06-16",2012,220.293617533066
"SEL-06-16",2013,290.607992531082
"SEL-06-16",2014,183.505773554216
"SEL-06-16",2015,185.716310106167
"SEL-06-16",2016,210.165298197928
"SEL-06-16",2017,133.967011606445
"SEL-06-16",2018,120.483183779916
"SEL-06-16",2019,NA
"SEL-06-16",2020,NA
"SEL-06-16",2021,NA
"SEL-06-16",2022,NA
"SEL-06-16",2023,739.363122867914
"SER-02",1995,NA
"SER-02",1996,NA
"SER-02",1997,77.6960879978261
"SER-02",1998,60.5924069458135
"SER-02",1999,67.2605685736647
"SER-02",2000,49.3254310719213
"SER-02",2001,62.8206574171621
"SER-02",2002,111.715075376284
"SER-02",2003,101.830949848064
"SER-02",2004,116.835230131222
"SER-02",2005,153.943982753682
"SER-02",2006,112.713494023859
"SER-02",2007,126.243002260069
"SER-02",2008,143.539824218146
"SER-02",2009,228.298531571334
"SER-02",2010,357.334656483434
"SER-02",2011,613.117328325995
"SER-02",2012,1006.25283247514
"SER-02",2013,1024.55106447476
"SER-02",2014,792.631169753421
"SER-02",2015,433.915006173472
"SER-02",2016,367.828359686134
"SER-02",2017,195.76268046246
"SER-02",2018,164.134495571636
"SER-02",2019,174.74223653108
"SER-02",2020,174.992704358686
"SER-02",2021,172.517306717657
"SER-02",2022,177.664080917586
"SER-02",2023,140.071150167196
"SEL-03-01",1995,NA
"SEL-03-01",1996,NA
"SEL-03-01",1997,NA
"SEL-03-01",1998,NA
"SEL-03-01",1999,NA
"SEL-03-01",2000,NA
"SEL-03-01",2001,NA
"SEL-03-01",2002,NA
"SEL-03-01",2003,NA
"SEL-03-01",2004,11921.6652730731
"SEL-03-01",2005,7112.22993207906
"SEL-03-01",2006,5142.32845471691
"SEL-03-01",2007,4066.03005229463
"SEL-03-01",2008,4076.69625419001
"SEL-03-01",2009,4597.85360327592
"SEL-03-01",2010,5843.33203035122
"SEL-03-01",2011,7211.54851295709
"SEL-03-01",2012,9507.99128767519
"SEL-03-01",2013,11429.1136234854
"SEL-03-01",2014,11955.774012598
"SEL-03-01",2015,12640.9533592286
"SEL-03-01",2016,10246.4996407339
"SEL-03-01",2017,8897.36795545232
"SEL-03-01",2018,7780.22429754537
"SEL-03-01",2019,5454.5745814479
"SEL-03-01",2020,4798.21112588238
"SEL-03-01",2021,3473.39718769064
"SEL-03-01",2022,4059.91380372288
"SEL-03-01",2023,5536.20570610791
"SEL-06-14",1995,679754.8169
"SEL-06-14",1996,679754.8169
"SEL-06-14",1997,217302.4682
"SEL-06-14",1998,217302.4682
"SEL-06-14",1999,217302.4682
"SEL-06-14",2000,217302.4682
"SEL-06-14",2001,158475.9838
"SEL-06-14",2002,158475.9838
"SEL-06-14",2003,158475.9838
"SEL-06-14",2004,158475.9838
"SEL-06-14",2005,97586.7407
"SEL-06-14",2006,97586.7407
"SEL-06-14",2007,97586.7407
"SEL-06-14",2008,97586.7407
"SEL-06-14",2009,42994.8532
"SEL-06-14",2010,42994.8532
"SEL-06-14",2011,42994.8532
"SEL-06-14",2012,42994.8532
"SEL-06-14",2013,75337.4659
"SEL-06-14",2014,75337.4659
"SEL-06-14",2015,75337.4659
"SEL-06-14",2016,75337.4659
"SEL-06-14",2017,12870.1013
"SEL-06-14",2018,12870.1013
"SEL-06-14",2019,12870.1013
"SEL-06-14",2020,12870.1013
"SEL-06-14",2021,47357.1879
"SEL-06-14",2022,47357.1879
"SEL-06-14",2023,47357.1879
"SEL-06-01",1995,8027.19994894131
"SEL-06-01",1996,8979.26322747641
"SEL-06-01",1997,6475.15132195802
"SEL-06-01",1998,7354.48599160778
"SEL-06-01",1999,5740.82953195619
"SEL-06-01",2000,6319.0013025654
"SEL-06-01",2001,7185.48729581296
"SEL-06-01",2002,5774.11857546642
"SEL-06-01",2003,7658.25657867577
"SEL-06-01",2004,5295.14794229563
"SEL-06-01",2005,6421.64319253128
"SEL-06-01",2006,6603.47435042135
"SEL-06-01",2007,4613.17063196401
"SEL-06-01",2008,3688.73849309099
"SEL-06-01",2009,3312.83723595912
"SEL-06-01",2010,4987.56753659152
"SEL-06-01",2011,10683.5750088744
"SEL-06-01",2012,14208.4819461428
"SEL-06-01",2013,21227.4120985997
"SEL-06-01",2014,22552.7750735541
"SEL-06-01",2015,18119.9617591132
"SEL-06-01",2016,15877.6587991351
"SEL-06-01",2017,9617.77154870914
"SEL-06-01",2018,6398.12267519079
"SEL-06-01",2019,5532.37794793165
"SEL-06-01",2020,5441.58561878816
"SEL-06-01",2021,8248.89252450251
"SEL-06-01",2022,8046.04755844213
"SEL-06-01",2023,9330.1707304216
"SEL-10-01",1995,2886.69706033396
"SEL-10-01",1996,4276.43965949339
"SEL-10-01",1997,4273.86592491641
"SEL-10-01",1998,6085.35000598303
"SEL-10-01",1999,9730.39003975274
"SEL-10-01",2000,10675.5881636314
"SEL-10-01",2001,16690.076372768
"SEL-10-01",2002,21257.8229386682
"SEL-10-01",2003,23192.3934916657
"SEL-10-01",2004,12950.5185734039
"SEL-10-01",2005,12541.6541532045
"SEL-10-01",2006,9553.3224345272
"SEL-10-01",2007,10501.9834978048
"SEL-10-01",2008,11225.8967190657
"SEL-10-01",2009,9039.24880576302
"SEL-10-01",2010,8469.47633211459
"SEL-10-01",2011,7401.01069646843
"SEL-10-01",2012,6033.58436282916
"SEL-10-01",2013,6594.19392595517
"SEL-10-01",2014,9092.82041134601
"SEL-10-01",2015,10725.3765563713
"SEL-10-01",2016,12865.5519250726
"SEL-10-01",2017,9082.8265160573
"SEL-10-01",2018,6087.79434530176
"SEL-10-01",2019,2706.98367414298
"SEL-10-01",2020,2514.43499769252
"SEL-10-01",2021,2404.33166497351
"SEL-10-01",2022,2457.21216977934
"SEL-10-01",2023,5006.97379477646
"SEL-09-02",1995,131126.024
"SEL-09-02",1996,131126.024
"SEL-09-02",1997,131126.024
"SEL-09-02",1998,66878.7298
"SEL-09-02",1999,66878.7298
"SEL-09-02",2000,66878.7298
"SEL-09-02",2001,66878.7298
"SEL-09-02",2002,211677.0321
"SEL-09-02",2003,211677.0321
"SEL-09-02",2004,211677.0321
"SEL-09-02",2005,211677.0321
"SEL-09-02",2006,231140.7529
"SEL-09-02",2007,231140.7529
"SEL-09-02",2008,231140.7529
"SEL-09-02",2009,231140.7529
"SEL-09-02",2010,974989.8623
"SEL-09-02",2011,974989.8623
"SEL-09-02",2012,974989.8623
"SEL-09-02",2013,974989.8623
"SEL-09-02",2014,231789.6533
"SEL-09-02",2015,231789.6533
"SEL-09-02",2016,231789.6533
"SEL-09-02",2017,231789.6533
"SEL-09-02",2018,182167.224
"SEL-09-02",2019,182167.224
"SEL-09-02",2020,182167.224
"SEL-09-02",2021,182167.224
"SEL-09-02",2022,79625.4205
"SEL-09-02",2023,79625.4205
"SEL-06-13",1995,1799182.291
"SEL-06-13",1996,1799182.291
"SEL-06-13",1997,795952.7364
"SEL-06-13",1998,795952.7364
"SEL-06-13",1999,795952.7364
"SEL-06-13",2000,795952.7364
"SEL-06-13",2001,338434.2462
"SEL-06-13",2002,338434.2462
"SEL-06-13",2003,338434.2462
"SEL-06-13",2004,338434.2462
"SEL-06-13",2005,292825.7285
"SEL-06-13",2006,292825.7285
"SEL-06-13",2007,292825.7285
"SEL-06-13",2008,292825.7285
"SEL-06-13",2009,85847.053
"SEL-06-13",2010,85847.053
"SEL-06-13",2011,85847.053
"SEL-06-13",2012,85847.053
"SEL-06-13",2013,130426.8585
"SEL-06-13",2014,130426.8585
"SEL-06-13",2015,130426.8585
"SEL-06-13",2016,130426.8585
"SEL-06-13",2017,142409.0804
"SEL-06-13",2018,142409.0804
"SEL-06-13",2019,142409.0804
"SEL-06-13",2020,142409.0804
"SEL-06-13",2021,379351.1715
"SEL-06-13",2022,379351.1715
"SEL-06-13",2023,379351.1715
"SEL-06-10",1995,2556111.156
"SEL-06-10",1996,2556111.156
"SEL-06-10",1997,1651326.746
"SEL-06-10",1998,1651326.746
"SEL-06-10",1999,1651326.746
"SEL-06-10",2000,1651326.746
"SEL-06-10",2001,3204416.669
"SEL-06-10",2002,3204416.669
"SEL-06-10",2003,3204416.669
"SEL-06-10",2004,3204416.669
"SEL-06-10",2005,881111.1862
"SEL-06-10",2006,881111.1862
"SEL-06-10",2007,881111.1862
"SEL-06-10",2008,881111.1862
"SEL-06-10",2009,148132.3219
"SEL-06-10",2010,148132.3219
"SEL-06-10",2011,148132.3219
"SEL-06-10",2012,148132.3219
"SEL-06-10",2013,172393.4752
"SEL-06-10",2014,172393.4752
"SEL-06-10",2015,172393.4752
"SEL-06-10",2016,172393.4752
"SEL-06-10",2017,105880.2722
"SEL-06-10",2018,105880.2722
"SEL-06-10",2019,105880.2722
"SEL-06-10",2020,105880.2722
"SEL-06-10",2021,100565.5158
"SEL-06-10",2022,100565.5158
"SEL-06-10",2023,100565.5158
"SEL-09-03",1995,1361672.539
"SEL-09-03",1996,1361672.539
"SEL-09-03",1997,1361672.539
"SEL-09-03",1998,1321774.131
"SEL-09-03",1999,1321774.131
"SEL-09-03",2000,1321774.131
"SEL-09-03",2001,1321774.131
"SEL-09-03",2002,5334542.957
"SEL-09-03",2003,5334542.957
"SEL-09-03",2004,5334542.957
"SEL-09-03",2005,5334542.957
"SEL-09-03",2006,2224510.789
"SEL-09-03",2007,2224510.789
"SEL-09-03",2008,2224510.789
"SEL-09-03",2009,2224510.789
"SEL-09-03",2010,5522595.018
"SEL-09-03",2011,5522595.018
"SEL-09-03",2012,5522595.018
"SEL-09-03",2013,5522595.018
"SEL-09-03",2014,2109576.025
"SEL-09-03",2015,2109576.025
"SEL-09-03",2016,2109576.025
"SEL-09-03",2017,2109576.025
"SEL-09-03",2018,1502077.039
"SEL-09-03",2019,1502077.039
"SEL-09-03",2020,1502077.039
"SEL-09-03",2021,1502077.039
"SEL-09-03",2022,703128.3648
"SEL-09-03",2023,703128.3648
"SEL-06-20",1995,6028.76173944814
"SEL-06-20",1996,10161.1347678796
"SEL-06-20",1997,9724.10020224465
"SEL-06-20",1998,11295.0898338521
"SEL-06-20",1999,9948.93896718076
"SEL-06-20",2000,13453.0062012927
"SEL-06-20",2001,20298.4345766185
"SEL-06-20",2002,17373.9674806973
"SEL-06-20",2003,12991.9623013484
"SEL-06-20",2004,8508.43083901723
"SEL-06-20",2005,7340.08228676933
"SEL-06-20",2006,10516.8408642526
"SEL-06-20",2007,9055.56419900567
"SEL-06-20",2008,8644.70545562834
"SEL-06-20",2009,6964.65072109723
"SEL-06-20",2010,8805.04086629061
"SEL-06-20",2011,11044.5858243797
"SEL-06-20",2012,12440.2520564076
"SEL-06-20",2013,13478.7394924695
"SEL-06-20",2014,17124.0402668315
"SEL-06-20",2015,25788.8516230315
"SEL-06-20",2016,24809.7012712842
"SEL-06-20",2017,19082.0249646341
"SEL-06-20",2018,22927.6690417146
"SEL-06-20",2019,22996.8112243609
"SEL-06-20",2020,23753.7646139531
"SEL-06-20",2021,30369.950741762
"SEL-06-20",2022,36583.6662447531
"SEL-06-20",2023,51856.1958480748
"SEL-10-03",1995,8181.52218555504
"SEL-10-03",1996,10807.3117888199
"SEL-10-03",1997,11079.4295555185
"SEL-10-03",1998,12026.5553905099
"SEL-10-03",1999,10164.4149775097
"SEL-10-03",2000,7775.91738937997
"SEL-10-03",2001,7035.137743021
"SEL-10-03",2002,6816.69616773989
"SEL-10-03",2003,7732.81777897408
"SEL-10-03",2004,5654.20020231267
"SEL-10-03",2005,5276.23117769419
"SEL-10-03",2006,5901.05781304332
"SEL-10-03",2007,6199.32564533931
"SEL-10-03",2008,3901.73316001412
"SEL-10-03",2009,2804.20251318876
"SEL-10-03",2010,2682.954547357
"SEL-10-03",2011,2498.132138652
"SEL-10-03",2012,3337.0437595236
"SEL-10-03",2013,4326.68885521999
"SEL-10-03",2014,4517.28375947851
"SEL-10-03",2015,2881.4542880939
"SEL-10-03",2016,2664.27903882856
"SEL-10-03",2017,1773.82069806368
"SEL-10-03",2018,1191.57912499626
"SEL-10-03",2019,933.443815263767
"SEL-10-03",2020,922.49635162233
"SEL-10-03",2021,1004.23340648926
"SEL-10-03",2022,1234.5605904899
"SEL-10-03",2023,1741.59956521485
"SEL-03-05",1995,9627.16834692404
"SEL-03-05",1996,14775.926983138
"SEL-03-05",1997,16396.4678994044
"SEL-03-05",1998,27559.4659273473
"SEL-03-05",1999,45198.130101609
"SEL-03-05",2000,43786.7999373508
"SEL-03-05",2001,61806.5377799488
"SEL-03-05",2002,64429.1170192303
"SEL-03-05",2003,77724.8883837646
"SEL-03-05",2004,84898.6043679098
"SEL-03-05",2005,70334.1897779799
"SEL-03-05",2006,57193.1805840924
"SEL-03-05",2007,49149.9200353313
"SEL-03-05",2008,32863.9075798638
"SEL-03-05",2009,27665.5356216055
"SEL-03-05",2010,21989.6017108733
"SEL-03-05",2011,23650.1703252622
"SEL-03-05",2012,37575.0977734777
"SEL-03-05",2013,43476.3849200717
"SEL-03-05",2014,51018.3146111694
"SEL-03-05",2015,46347.8129993096
"SEL-03-05",2016,42945.0555891851
"SEL-03-05",2017,38085.7274438691
"SEL-03-05",2018,31423.5339026859
"SEL-03-05",2019,17145.1940869999
"SEL-03-05",2020,10085.7250493186
"SEL-03-05",2021,8751.74556942229
"SEL-03-05",2022,10633.8421604245
"SEL-03-05",2023,16897.4761035088
"SEL-06-03",1995,499766.230151814
"SEL-06-03",1996,579719.967331859
"SEL-06-03",1997,655506.693862937
"SEL-06-03",1998,763509.003593914
"SEL-06-03",1999,870233.335917959
"SEL-06-03",2000,821014.246421014
"SEL-06-03",2001,758580.501406623
"SEL-06-03",2002,629879.09993825
"SEL-06-03",2003,577710.889476245
"SEL-06-03",2004,342378.323378229
"SEL-06-03",2005,325308.580603106
"SEL-06-03",2006,340193.234685563
"SEL-06-03",2007,285126.301293136
"SEL-06-03",2008,313272.930077511
"SEL-06-03",2009,248631.528270972
"SEL-06-03",2010,365117.373552459
"SEL-06-03",2011,459080.56840358
"SEL-06-03",2012,485173.273985095
"SEL-06-03",2013,745416.505034514
"SEL-06-03",2014,621358.507231327
"SEL-06-03",2015,600736.426218979
"SEL-06-03",2016,571585.683042195
"SEL-06-03",2017,423343.187008096
"SEL-06-03",2018,371696.738782589
"SEL-06-03",2019,263837.322794912
"SEL-06-03",2020,207497.244115869
"SEL-06-03",2021,261578.895048439
"SEL-06-03",2022,286164.683589036
"SEL-06-03",2023,343202.319900862
"SEL-06-02",1995,NA
"SEL-06-02",1996,NA
"SEL-06-02",1997,NA
"SEL-06-02",1998,NA
"SEL-06-02",1999,NA
"SEL-06-02",2000,NA
"SEL-06-02",2001,NA
"SEL-06-02",2002,NA
"SEL-06-02",2003,NA
"SEL-06-02",2004,NA
"SEL-06-02",2005,NA
"SEL-06-02",2006,NA
"SEL-06-02",2007,NA
"SEL-06-02",2008,NA
"SEL-06-02",2009,NA
"SEL-06-02",2010,NA
"SEL-06-02",2011,NA
"SEL-06-02",2012,NA
"SEL-06-02",2013,NA
"SEL-06-02",2014,NA
"SEL-06-02",2015,NA
"SEL-06-02",2016,NA
"SEL-06-02",2017,NA
"SEL-06-02",2018,NA
"SEL-06-02",2019,NA
"SEL-06-02",2020,NA
"SEL-06-02",2021,NA
"SEL-06-02",2022,NA
"SEL-06-02",2023,NA
"SEL-06-07",1995,98035.7996212725
"SEL-06-07",1996,130896.787383679
"SEL-06-07",1997,114686.274924914
"SEL-06-07",1998,126659.317174495
"SEL-06-07",1999,138618.84279944
"SEL-06-07",2000,142595.752565133
"SEL-06-07",2001,182284.985121302
"SEL-06-07",2002,209862.928873453
"SEL-06-07",2003,186134.458649642
"SEL-06-07",2004,131603.77929339
"SEL-06-07",2005,139589.716085686
"SEL-06-07",2006,114518.469932455
"SEL-06-07",2007,96214.256379293
"SEL-06-07",2008,108078.128413952
"SEL-06-07",2009,68040.2801712877
"SEL-06-07",2010,73275.3284910686
"SEL-06-07",2011,78477.9014061463
"SEL-06-07",2012,68252.3728570781
"SEL-06-07",2013,93715.672184399
"SEL-06-07",2014,115877.55606929
"SEL-06-07",2015,134995.149605288
"SEL-06-07",2016,105836.527517528
"SEL-06-07",2017,103548.987830401
"SEL-06-07",2018,81599.8783471206
"SEL-06-07",2019,68118.5478772681
"SEL-06-07",2020,74989.5195563408
"SEL-06-07",2021,80323.7608665164
"SEL-06-07",2022,73335.9583044815
"SEL-06-07",2023,90401.6233923288
"SEL-03-02",1995,2760.04426235196
"SEL-03-02",1996,3142.64212624469
"SEL-03-02",1997,1685.70773538468
"SEL-03-02",1998,1377.05852515159
"SEL-03-02",1999,1441.65026466904
"SEL-03-02",2000,1272.40617743124
"SEL-03-02",2001,1979.05064474505
"SEL-03-02",2002,2485.40634077752
"SEL-03-02",2003,1563.17104914236
"SEL-03-02",2004,709.244861959026
"SEL-03-02",2005,484.338393232959
"SEL-03-02",2006,446.165141173373
"SEL-03-02",2007,323.814843384614
"SEL-03-02",2008,517.8042919818
"SEL-03-02",2009,820.178573443897
"SEL-03-02",2010,1056.71523172169
"SEL-03-02",2011,2003.21401976673
"SEL-03-02",2012,2507.72113750166
"SEL-03-02",2013,3296.82999713522
"SEL-03-02",2014,2704.3948630799
"SEL-03-02",2015,1710.9169976966
"SEL-03-02",2016,2224.69473424965
"SEL-03-02",2017,1672.66743287734
"SEL-03-02",2018,880.390770950112
"SEL-03-02",2019,333.797937703598
"SEL-03-02",2020,154.656691649424
"SEL-03-02",2021,123.875349243494
"SEL-03-02",2022,163.951252532093
"SEL-03-02",2023,198.0759738729
"SER-03",1995,3531.85451864922
"SER-03",1996,9339.08904334846
"SER-03",1997,7577.53119103646
"SER-03",1998,6303.77367019857
"SER-03",1999,5353.94783176499
"SER-03",2000,3907.81322282622
"SER-03",2001,7086.58643822115
"SER-03",2002,12359.0158207041
"SER-03",2003,12238.2317916749
"SER-03",2004,10212.5879303896
"SER-03",2005,22916.9128745065
"SER-03",2006,32574.6597339194
"SER-03",2007,64702.0493544228
"SER-03",2008,86438.2656677013
"SER-03",2009,80311.1948166775
"SER-03",2010,115271.011744319
"SER-03",2011,178019.579265866
"SER-03",2012,320267.023716065
"SER-03",2013,305774.426377246
"SER-03",2014,262357.811864688
"SER-03",2015,165265.271741534
"SER-03",2016,162271.334133197
"SER-03",2017,109145.224977799
"SER-03",2018,48438.4819280425
"SER-03",2019,20508.830534921
"SER-03",2020,21238.0114558275
"SER-03",2021,21914.8582220915
"SER-03",2022,26054.7976737667
"SER-03",2023,43850.1972951832
"SEL-01-01",1995,NA
"SEL-01-01",1996,NA
"SEL-01-01",1997,NA
"SEL-01-01",1998,NA
"SEL-01-01",1999,NA
"SEL-01-01",2000,NA
"SEL-01-01",2001,NA
"SEL-01-01",2002,NA
"SEL-01-01",2003,NA
"SEL-01-01",2004,NA
"SEL-01-01",2005,NA
"SEL-01-01",2006,NA
"SEL-01-01",2007,NA
"SEL-01-01",2008,NA
"SEL-01-01",2009,NA
"SEL-01-01",2010,NA
"SEL-01-01",2011,NA
"SEL-01-01",2012,NA
"SEL-01-01",2013,NA
"SEL-01-01",2014,NA
"SEL-01-01",2015,64783.3941344679
"SEL-01-01",2016,62157.4178034016
"SEL-01-01",2017,59171.704688319
"SEL-01-01",2018,43353.7113616981
"SEL-01-01",2019,47432.2924725833
"SEL-01-01",2020,46311.2013206875
"SEL-01-01",2021,39799.2762841913
"SEL-01-01",2022,46531.0969795693
"SEL-01-01",2023,47636.0555636752
